id,name,category,catLabel,tagline,pricing,target,verdict,verdictType,website,easeOfUse,qualityOfFeatures,integrations,dataPrivacySecurity,servicesSupport,reportsAnalytics,editorial
"khoros","Khoros","established","Established Platform","Full-featured enterprise community with social customer care","~$50,000+/yr (custom quotes only)","Enterprise","Established leader, but watch post-acquisition direction","steady","https://khoros.com","6.5","8.5","8","9","8","8.5","Khoros remains the most feature-complete enterprise community platform on the market. If you're a large organisation with complex needs, multilingual requirements, and a big budget, it's hard to beat. The Salesforce connector is genuinely best-in-class. But the IgniteTech acquisition introduces uncertainty — we're watching closely to see whether the new ownership accelerates innovation or strips the product for efficiency. The pricing also puts it out of reach for most mid-market buyers. If you can afford it and need the depth, it delivers. If you're not a Fortune 500, look elsewhere."
"gainsight","Gainsight Customer Communities","established","Established Platform","Customer success-focused community platform (formerly inSided)","Custom (3 tiers: Professional, Business, Enterprise)","Mid-Market / Enterprise","Rising fast. Strong product momentum and analyst recognition","rising","https://www.gainsight.com/customer-communities/","7.5","8","8.5","8","8.5","8","Gainsight CC is the platform we're most excited about right now. The inSided heritage gives it solid community fundamentals, and the Gainsight integration creates a genuinely unique value proposition — your community activity feeds directly into customer health scores. The IDC MarketScape recognition is well-deserved. The AI Moderation Agent is practical and already working in production. The main caveat: it's strongest when you're already in the Gainsight ecosystem. As a standalone community platform without the CS suite, the value proposition weakens. If you're a B2B SaaS company already using Gainsight, this should be your first call."
"higherlogic","Higher Logic Vanilla","established","Established Platform","Proven B2B community platform for support-driven engagement","Custom (3 tiers: Corporate, Enterprise, Enterprise Plus)","Mid-Market / Enterprise","Solid and reliable. Steady performer in B2B support communities","steady","https://www.higherlogic.com/vanilla/","7.5","8","7.5","8","8","7.5","Higher Logic Vanilla is the quiet achiever in this space. It doesn't generate the most buzz, but organisations running it tend to be satisfied. The Zendesk integration is the best we've seen from any platform — if Zendesk is your support tool, this is probably your community platform. The Widget Builder is genuinely impressive for teams with developer resources — it's a real IDE, not a drag-and-drop toy. The AI Search Assistant with RAG is practical and well-implemented. Where it falls short: no mobile app, no events, and the analytics feel a generation behind Khoros or Salesforce. It's a workhorse, not a showpiece."
"salesforce","Salesforce Experience Cloud","established","Established Platform","CRM-native community for organisations deep in the Salesforce ecosystem","Per-login ($2-$15) or per-member ($5-$35/mo) by license type","Enterprise","Dominant if you're in the ecosystem. Overkill if you're not","steady","https://www.salesforce.com/products/experience-cloud/","5","7.5","9.5","9","7","8.5","Salesforce Experience Cloud is the most polarising platform in this comparison. If your organisation lives in Salesforce, the native data integration is transformative — community interactions flow into cases, opportunities, and reports without any middleware. But the total cost of ownership is brutal: licensing, implementation (you'll almost certainly need an SI partner), and ongoing maintenance add up fast. The community-specific UX also lags dedicated vendors — it feels like a CRM that happens to have a community module, because that's exactly what it is. We recommend it only when deep CRM integration is a non-negotiable requirement. Otherwise, a dedicated platform will serve your community members better."
"verint","Verint Community","established","Established Platform","Enterprise community with strong moderation and CX suite integration","Custom enterprise quotes only","Enterprise","Declining momentum. Falling behind on innovation and market presence","declining","https://www.verint.com/engagement-channels/communities/","6","7.5","7","8.5","7.5","8","We have to be honest: Verint Community is losing ground. The Telligent heritage shows in an aging UX that hasn't kept pace with modern expectations. The Da Vinci AI capabilities are genuinely interesting — especially the open AI model strategy — and the case deflection analytics remain strong. But the broader platform feels like it's receiving less investment than the competition. If you're already in the Verint CX ecosystem, it still makes sense as part of that stack. But we wouldn't recommend starting a new community on Verint today unless the CX suite integration is the primary driver. The market has moved on."
"bettermode","Bettermode","newgen","New Generation","Modern, API-first community with flexible content types and feed-style UX","From $399/mo (Starter) to $1,500/mo (Growth); Premium custom","SMB / Mid-Market","Watch this space. Modern approach but needs to prove enterprise readiness","watch","https://www.bettermode.com","8.5","8","7.5","7","7","7","Bettermode represents a genuine philosophical alternative to the forum-based platforms that dominate this space. The feed/wall approach feels more like a modern social network than a traditional community — and for some use cases, that's exactly right. The GraphQL API and Design Studio give technical teams real flexibility. The pricing is the most accessible in this comparison. But the feed-first approach has a real trade-off: content discoverability suffers over time. Great for engagement, less great for building a searchable knowledge repository. Best suited for product communities where engagement matters more than deep knowledge management. Not yet proven at enterprise scale."
"bevy","Bevy","newgen","New Generation","Community events platform expanding into all-in-one community management","Custom enterprise pricing (estimated mid-five figures/yr)","Mid-Market / Enterprise","Rising in events. Still proving itself as a full community platform","rising","https://www.bevy.com","7","7.5","7.5","7.5","8","7.5","Bevy is the undisputed champion of community events at scale. The fact that Salesforce, Google, and Atlassian all run their community events programmes on Bevy tells you everything about its events capability. The CMX ownership is strategically brilliant — they own the community profession's industry body while selling the tools. But let's be clear: Bevy is still primarily an events platform. The community hub features (discussions, content) are functional but years behind dedicated community platforms. If events are your primary community strategy, Bevy is the obvious choice. If you need a forum or knowledge base with events bolted on, look elsewhere and integrate Bevy for events."
"hivebrite","Hivebrite","newgen","New Generation","Alumni and membership community platform expanding into enterprise","Custom (~$5,000 - $30,000+/yr based on members)","Mid-Market / Enterprise","Strong in its niche. Best choice for alumni and membership orgs","steady","https://www.hivebrite.com","7.5","7.5","6.5","8","7","7","Hivebrite is the clear winner for alumni networks, associations, and membership organisations. Features like mentoring programme management, fundraising, and job boards are native — not afterthoughts. The white-labelling is the best in the market, and the branded mobile apps are a genuine differentiator. However, we see Hivebrite trying to position itself as a general-purpose community platform, and that's a stretch. The discussion and content features lag behind dedicated community vendors. If you're a university, professional association, or membership organisation, Hivebrite is purpose-built for you. If you're a SaaS company looking for customer community, there are better options."
"discourse","Discourse","opensource","Open Source","The most popular open-source forum platform, used by developer and tech communities worldwide","Free (self-hosted) or $50-$300/mo hosted; Enterprise from $8,000/yr","All sizes","Rising. The open-source leader with real AI momentum","rising","https://www.discourse.org","7","8.5","7","8","6.5","6.5","Discourse is the most interesting platform in this comparison for a specific reason: it's the only open-source option that genuinely competes with commercial vendors on quality. The UX is modern, the AI features are practical (not vapourware), and the trust level system is an elegant solution to moderation scaling. The plugin ecosystem means you can extend it in ways commercial vendors won't allow. Self-hosting gives you full data sovereignty. The trade-off is clear: you need technical resources to run it. If you have a dev team and want control, Discourse gives you more for less than any commercial alternative. If you want a managed service with hand-holding, the enterprise tier works but you're paying commercial prices for open-source software."
"flarum","Flarum","opensource","Open Source","Lightweight, elegant open-source forum for simple, fast community discussions","Free (self-hosted only)","SMB / Developer communities","Niche option. Best for small communities wanting simplicity over features","watch","https://flarum.org","8","7","5","7","4","4.5","Flarum is the minimalist's choice. In a market where every vendor is adding features, Flarum strips back to essentials and does them beautifully. The two-pane SPA interface is fast and elegant. If you need a simple discussion forum without the enterprise overhead — for an internal team, a small product community, or a hobbyist group — Flarum delivers a better out-of-the-box experience than Discourse with far less server overhead. But it's not for enterprise use. No native AI, limited analytics, community-only support, and a smaller ecosystem. Think of it as the indie alternative: perfect for its niche, wrong for enterprise procurement."
"circle","Circle","creator","Creator / Membership","All-in-one community, courses, and monetisation platform for creators and brands","From $49/mo (Basic) to $219/mo (Business); Enterprise custom","Creators / SMB / Mid-Market","Strong in the creator space. Increasingly competing for SaaS communities too","rising","https://circle.so","8.5","7.5","7","6.5","7","6.5","Circle has carved out a strong position as the platform where community meets commerce. If you're a creator, educator, or membership organisation that wants to charge for access, run courses, and build community in one place, Circle is the most polished option. The Spaces architecture is genuinely well-designed. But it's not an enterprise community platform — don't try to run a customer support community or a product feedback forum on Circle. It doesn't have the depth. Where Circle gets interesting is the headless/embedded play for SaaS companies. If that matures, it could compete with Bettermode and even Gainsight CC. Worth watching."
"mighty","Mighty Networks","creator","Creator / Membership","Community-powered courses and memberships with branded mobile apps and AI","From $41/mo (Community) to $179/mo (Business); Pro from ~$3,000/mo","Creators / Educators / SMB","Established in creator space. Mighty AI is a genuine differentiator","steady","https://www.mightynetworks.com","8","7","5.5","6","6.5","5.5","Mighty Networks and Circle are the two leading platforms in the creator/membership community space, and they overlap significantly. Mighty's edge is the branded mobile app (your name in the App Store, not theirs) and Mighty AI, which is genuinely well-implemented. Circle's edge is cleaner UX and better embedding/API options. If mobile app presence matters to your community, Mighty wins. If you need a sleeker web experience and want to embed community into your own product, Circle wins. Neither is suited for enterprise customer support or product communities — they're purpose-built for creator businesses, educators, and membership organisations."
"gradual","Gradual","newgen","New Generation","All-in-one community platform unifying events, content, courses, and discussions in a single white-labeled experience","Custom quotes only (Pre-Seed stage, likely lower than established enterprise vendors). Courses as paid add-on.","Mid-Market / Enterprise (associations, B2B communities)","Compelling event-centric proposition. Very early stage — watch the trajectory","watch","https://www.gradual.com","7.5","7","5.5","8","7","6.5","Gradual's core proposition is compelling: unify events, content, courses, and community in one white-labeled platform so organisations stop juggling separate tools. And on that specific promise, it delivers well — the event capabilities are genuinely strong, the white-labeling is thorough, and the clubs/chapters structure is thoughtful for association-style communities. But the platform has significant gaps that matter for most enterprise community use cases. No Q&A, ideation, knowledge base, gamification, or AI means Gradual is missing capabilities established platforms consider table stakes. The elephant in the room is company maturity: Pre-Seed with 1-10 employees is significantly earlier-stage than every other platform in this comparison. A strong choice for event-driven, white-labeled communities — especially associations. Not yet ready for traditional enterprise support/feedback communities. Watch for how quickly they close the AI and integration gaps."
"thrive","Higher Logic Thrive","established","Established Platform","Association engagement suite combining community, email automation, and deep AMS integrations","Custom (~$20,000 - $100,000+/yr based on modules and member count)","Associations / Nonprofits / Membership Orgs","Dominant in associations. The AMS integration depth is unmatched","steady","https://www.higherlogic.com/thrive/","6","7","9","8","8","7.5","Higher Logic Thrive dominates the association community market for one reason: AMS integrations. No other platform comes close to the depth of connection with iMIS, Personify, Nimble AMS, and the rest of the association management ecosystem. When community engagement data flows into your AMS and drives renewal predictions, targeted email campaigns, and member health scoring — that's genuinely transformative for association operations. The addition of Thrive Marketing creates a community + email automation combo that's hard to replicate with separate tools. But let's be honest about the trade-offs: the UX is functional rather than inspiring. If you showed a Thrive community next to a Circle or Discourse community, the design gap is obvious. For associations, that usually doesn't matter — the data integration value outweighs the UX gap. For anyone outside the association world, Thrive isn't the right platform. It's purpose-built for a specific market and it owns that market."
